{
    "loss": 16.799325942993164,
    "accuracy": 0.14968377351760864
}